storeId,name,logo,link
40395,Tiki Trading,d1/3f/ae/13ce3d83ab6b6c5e77e6377ad61dc4a5.jpg,https://tiki.vn/cua-hang/tiki-trading
54106,Nhà sách NetaBooks,33/f2/97/e245fe4d226f0e26fb1cc7ba3741d661.jpg,https://tiki.vn/cua-hang/nha-sach-netabooks
6654,Nhà sách Nam Việt,84/6a/f8/8ae368ef89c9fe2091bccf3be77ff5fd.jpg,https://tiki.vn/cua-hang/nha-sach-nam-viet
157,VIETNAMBOOK,4f/76/83/b453128caf6840d26472e85016de956c.jpg,https://tiki.vn/cua-hang/vinabook-jsc
134535,Omega Plus Books,8b/17/0b/9e986158bc230b4fd699f07095893546.jpg,https://tiki.vn/cua-hang/omega-plus-books
51001,Nhà sách Fahasa,f8/86/c0/12f7213bcdfd4d9a7a52e9b3a6704493.jpg,https://tiki.vn/cua-hang/nha-sach-fahasa
7082,Alpha Books Official,38/74/f3/f9cf41005697c643397d9b09d335f4c4.jpg,https://tiki.vn/cua-hang/alphabooks-official
90454,Nhà Sách Vĩnh Thụy,19/f2/bd/8bda12adffb15edf1b3d8339b0238283.jpg,https://tiki.vn/cua-hang/nha-sach-vinh-thuy
26242,Phương Đông Books,2e/85/b7/e76104ae5f1beaf244f319e2f0d2d413.jpg,https://tiki.vn/cua-hang/phuong-dong-books
44,Chính Thông,66/ec/e0/33770909efa68e009aac68b79a0f5595.jpg,https://tiki.vn/cua-hang/nhasachhoasen
4360,PHAN LỆ & FRIENDS,84/d9/5f/b5d9c7a3d3419d77ef56a4b4a58666f8.png,https://tiki.vn/cua-hang/phan-le-friends
246822,Bảo Châu Books,https://vcdn.tikicdn.com/ts/seller/3e/6e/38/a966cdb8129618eb7094498d4da28f86.jpg,https://tiki.vn/cua-hang/bao-chau-books
150002,NXB Đại học Sư phạm,f5/5a/50/40c171322e0a09c89091fc2ec596dee7.jpg,https://tiki.vn/cua-hang/nxb-dai-hoc-su-pham
210960,BÌNH BÁN BOOK,f9/47/41/5047162e827ef55d6ea989bc88036345.jpg,https://tiki.vn/cua-hang/binh-ban-book
268132,Bamboo Books,46/9a/b3/e4fbfd97e7607ea4d2ff8e9ad769121b.jpg,https://tiki.vn/cua-hang/bamboo-books
117060,info book,66/49/ce/c528ff3a6e4022b080c1f8c6fe7bc541.jpg,https://tiki.vn/cua-hang/info-book
230215,Korichi Official,0a/f8/b4/ea153d8d87e8a1527af84503e7f56de7.png,https://tiki.vn/cua-hang/korichi-official
30674,NXB TỔNG HỢP,cd/b6/c1/0820e56ab27debf25146fda2f60d7758.jpg,https://tiki.vn/cua-hang/nxb-tong-hop
282399,HỆ THỐNG NHÀ SÁCH ABC,https://vcdn.tikicdn.com/ts/seller/98/3d/ff/cec0ba0eaa575634616ab4605fccbe6d.jpg,https://tiki.vn/cua-hang/he-thong-nha-sach-abc
103533,Sống Official,15/9e/ba/9e738b2510a755e5f27423ffb62aa0c7.jpg,https://tiki.vn/cua-hang/abcbooks
1265,Tazano Official Store,https://vcdn.tikicdn.com/ts/seller/95/08/28/6d2a2db44eb4b71b91fb2a1d9d60d863.jpg,https://tiki.vn/cua-hang/sachbanchay
33717,NewShop Official,https://vcdn.tikicdn.com/ts/seller/dd/11/6e/71249ce7a46a63c6cf803c6169450ac6.jpg,https://tiki.vn/cua-hang/newshopvn
10463,SBOOKS OFFICIAL,b1/f2/e1/2c342a90c5712664660359dd2528c861.jpg,https://tiki.vn/cua-hang/sbooks
338765,Tinh Hoa Books,https://vcdn.tikicdn.com/ts/seller/67/b3/61/20cd095e31cfdf63170289ee344e9243.jpg,https://tiki.vn/cua-hang/tinh-hoa-books
109943,Trạm Tri Thức,1f/17/a2/8663e1b0ce113acfa8e6ce10390d422e.jpg,https://tiki.vn/cua-hang/tram-tri-thuc
331988,LITTLE BOOKS,6c/b0/d4/780b30fa09996dde179496780aad507a.jpg,https://tiki.vn/cua-hang/little-books
991,Sách Khai Tâm,https://vcdn.tikicdn.com/ts/seller/16/06/93/3a0ed42d261c662ae9fc229a07d80283.jpg,https://tiki.vn/cua-hang/sach-khai-tam
345242,Nhà sách Sự thật tại Huế,https://vcdn.tikicdn.com/ts/seller/4b/54/1a/f385a79a716cb3505f152e7af8c769aa.png,https://tiki.vn/cua-hang/nha-sach-su-that-tai-hue
132475,MaiHaBooks,9d/00/50/8ca75b7295f82088f132d799e61efa18.jpg,https://tiki.vn/cua-hang/maihabooks
16218,DTBOOKS,3e/9e/44/b5d40ee81bc9f458be1169aae8051b57.jpg,https://tiki.vn/cua-hang/dtbooks
9778,AHABOOKS,7c/b8/e1/357f6a5d18da8daa4e9060a6b7eb9d5f.png,https://tiki.vn/cua-hang/ahabooks
63125,Taco Kids,,https://tiki.vn/cua-hang/taco-kids
36125,Minh Long Book,02/9f/55/55a91f41e7ab45877f0f784e349f5cbb.jpg,https://tiki.vn/cua-hang/minh-long-book
7554,NHBook,49/49/f3/973a1913dac7a3cbaa379403203cb8b7.jpg,https://tiki.vn/cua-hang/nhbook
228213,Trung tâm sức khoẻ nhi khoa Century,8b/33/09/13590f642ff6ffcafa5aa0a88d9003f8.jpg,https://tiki.vn/cua-hang/trung-tam-suc-khoe-nhi-khoa-century
247549,MCBooks Hạnh Phúc,3f/e2/87/ac146e4b35276aaf30cec0797b5ed523.jpg,https://tiki.vn/cua-hang/bizbooks-h
104518,Liên Việt Official Store,88/56/24/80e4a0e582e2e1fdd9bd692414e2dc3f.jpg,https://tiki.vn/cua-hang/lienvietbooks
94478,THAIHABOOKS,3e/1d/c6/547fb1d868fa22ccd49fca20bc0d1ddb.jpg,https://tiki.vn/cua-hang/thaihabooks
314365,FishingBook,https://vcdn.tikicdn.com/ts/seller/0e/63/e2/02d33989e75c0f48dacf00f264ccf79e.jpg,https://tiki.vn/cua-hang/fishingbook
259313,Gooda Official,46/af/bc/27a835d87a61596dfbdf4d7a7f762e47.jpg,https://tiki.vn/cua-hang/gooda-official
249496,Vizibook,6e/eb/d6/8d6104804f0f94df5bc1ef5fda83a617.jpg,https://tiki.vn/cua-hang/vizibook
2659,Nhà Xuất Bản Phụ Nữ Việt Nam,1f/01/92/f226bd49cb5a689f878ba931baa98503.jpg,https://tiki.vn/cua-hang/nha-xuat-ban-phu-nu-viet-nam
125673,SỐNG ĐẸP SHOP,,https://tiki.vn/cua-hang/song-dep-shop
177122,Mộc Nhiên Kids Store,https://vcdn.tikicdn.com/ts/seller/97/0c/8d/c6d09f37dc95faf0360b3a345e88bdfe.jpg,https://tiki.vn/cua-hang/moc-nhien-kids-store
288030,Đức An Bookstore,https://vcdn.tikicdn.com/ts/seller/bc/4d/7a/5d512e665300098381f1baa882a66adf.jpg,https://tiki.vn/cua-hang/duc-an-bookstore
124,Văn Lang Official Store,66/68/fa/c3b362516ee03b2f618e078c6aaa29b9.jpg,https://tiki.vn/cua-hang/van-lang
338777,Puma Books Việt Nam,2d/d4/8b/fcf34169dcb40fa59c780f806ac052b7.jpg,https://tiki.vn/cua-hang/puma-books-viet-nam
168645,PHƯƠNG NAM BOOK,a0/46/71/cdcd4becd948c301cb2bfe6548bc78bb.jpg,https://tiki.vn/cua-hang/phuong-nam-book
282682,Nhà sách Mochibooks,https://vcdn.tikicdn.com/ts/seller/60/71/e9/86221db95d38c2444cc8967fbb6b25e7.jpg,https://tiki.vn/cua-hang/nha-sach-mochibooks
340626,Những Vì Sao Bookstore,https://vcdn.tikicdn.com/ts/seller/bf/23/57/84c795cc3b547b085e040add3e244f4a.jpg,https://tiki.vn/cua-hang/nhung-vi-sao-bookstore
323816,Sách Nuôi Dạy Con,https://vcdn.tikicdn.com/ts/seller/4b/54/1a/f385a79a716cb3505f152e7af8c769aa.png,https://tiki.vn/cua-hang/sach-nuoi-day-con
346545,Expert Book,https://vcdn.tikicdn.com/ts/seller/92/88/70/55feb9db7f1b8f24e95b16d35f4dd68d.jpg,https://tiki.vn/cua-hang/expert-book
50589,Nhà sách PLV,6e/20/ad/edbf695d6497987e535b42040ab1bb28.png,https://tiki.vn/cua-hang/nha-sach-plv
272531,MCBooks Sài Gòn,ac/6f/a9/9b14150ee8e9bd706b6140c4924b6a28.jpg,https://tiki.vn/cua-hang/mcbooks-sai-gon
46553,khangvietbook,fc/ac/f8/b55ac850d09b73df4bd34832fdf90325.png,https://tiki.vn/cua-hang/khangvietbook
23066,Khải Minh Book,df/b2/6d/15dd7366e247cbf2c856838c067e6dd6.png,https://tiki.vn/cua-hang/khai-minh-book
47588,Tâm Trí Lực,08/0c/bf/0b239811cef5898a54956a459ca6c556.jpg,https://tiki.vn/cua-hang/tam-tri-luc
225659,Trustbooks,5f/ee/ed/990f3c3f180f53451233304473d0426a.jpg,https://tiki.vn/cua-hang/trustbooks
289836,Thầy Vinh DAOTAOTINHOC,dc/2b/e6/5cc2f98caf8cb4c6a78a5ee336458207.jpg,https://tiki.vn/cua-hang/dao-tao-tin-hoc
262653,SÁCH TRÍ TUỆ,16/bc/14/f10292f0605e9d1cb882b884fe1201f7.jpg,https://tiki.vn/cua-hang/sach-tri-tue
342498,SÁCH SBOOKS HÀ NỘI,44/fe/8b/e8d66cf43e03b62b0e6e4da99d19475d.jpg,https://tiki.vn/cua-hang/sach-sbooks-ha-noi
341743,Tiên Phong Books Việt Nam,65/ea/1d/457c4a46e372860712f9514ab02d51f3.jpg,https://tiki.vn/cua-hang/tien-phong-books-viet-nam
118186,1980 BOOKS HCM,https://vcdn.tikicdn.com/ts/seller/32/ee/e4/029d9bc223e36fb8f5ee1933e6ac9d47.jpg,https://tiki.vn/cua-hang/1980-books-hcm
173812,Báo Tuổi Trẻ,https://vcdn.tikicdn.com/ts/seller/4b/54/1a/f385a79a716cb3505f152e7af8c769aa.png,https://tiki.vn/cua-hang/bao-tuoi-tre
165085,Bùi Thị Anh,https://vcdn.tikicdn.com/ts/seller/4c/60/7a/94e7205a83f1d7727b63db4d547387cd.jpg,https://tiki.vn/cua-hang/bui-thi-anh
348333,B9 books,https://vcdn.tikicdn.com/ts/seller/bd/67/1d/82e5b9e40bc3808984eb201cc16dfade.jpg,https://tiki.vn/cua-hang/b9-books
76661,Luật sư Bất động sản,,https://tiki.vn/cua-hang/cty-luat-bds-hung-vuong
10648,trungthanh2018,a7/54/06/bad90228783e18b51eeff7187fadb302.jpg,https://tiki.vn/cua-hang/trungthanh2018
64153,FinFin,cf/0e/93/ac2c170c04351aa37d0d76a467f9eabf.jpg,https://tiki.vn/cua-hang/finfinvn
45478,DIMI Books,16/98/d7/9643357914e4f7956ce6fe54d8e16614.jpg,https://tiki.vn/cua-hang/dimi-books
2905,GIVER BOOKS & MEDIA,89/9e/7d/e292d266ae6cde91c045c23e97ad05de.jpg,https://tiki.vn/cua-hang/giver-books
150127,TTR Next Generation,d8/7c/38/d9e2eab2df4b60826214768f70d35a3a.jpg,https://tiki.vn/cua-hang/ttr-next-generation
115284,Hiệu Sách Tự Do,https://vcdn.tikicdn.com/ts/seller/98/02/ca/f5c52e12e6791bfc7ad8172c443ce2b7.jpg,https://tiki.vn/cua-hang/hieu-sach-tu-do
7269,HappyLive,https://vcdn.tikicdn.com/ts/seller/c6/db/a4/ae4f602a753142d2d9fb8aee8eeeb360.jpg,https://tiki.vn/cua-hang/happylive
321353,PalAcademy,https://vcdn.tikicdn.com/ts/seller/4b/54/1a/f385a79a716cb3505f152e7af8c769aa.png,https://tiki.vn/cua-hang/palacademy
317288,Khanhlinhbook,https://vcdn.tikicdn.com/ts/seller/cc/9a/e0/caa9d622fb12ae4416c643f494db555b.jpg,https://tiki.vn/cua-hang/khanhlinhbook
237459,Tranganhbook,https://vcdn.tikicdn.com/ts/seller/f4/e5/96/ce42d8c9dab04c4c34c6efc47561cba5.jpg,https://tiki.vn/cua-hang/tranganhbook
322171,Thaibinhbook,https://vcdn.tikicdn.com/ts/seller/1c/18/55/4d0c9f63dc4e3f0df439d47fbf4c6e37.jpg,https://tiki.vn/cua-hang/thaibinhbook
346322,FinBook,,https://tiki.vn/cua-hang/finbook
243205,Thiện Ngôn Book,https://vcdn.tikicdn.com/ts/seller/01/28/f3/e22ecef32f76b31aac9d42bd2a279c12.jpg,https://tiki.vn/cua-hang/thien-ngon-book
77787,NVP,,https://tiki.vn/cua-hang/nvp
242136,BizbooksJSC,https://vcdn.tikicdn.com/ts/seller/b1/4d/0e/43183c181536ae44d1c679495e49f8d9.jpg,https://tiki.vn/cua-hang/bizbooksjsc
344693,SÁNG BOOKS,https://vcdn.tikicdn.com/ts/seller/f4/e9/59/c8739ac713f9cddec62181e9c02a5937.jpg,https://tiki.vn/cua-hang/sang-books
107665,Phúc Minh Books,4a/f0/69/3d0d671d31eb21c593f25d165e623c93.png,https://tiki.vn/cua-hang/phuc-minh-books
332165,Ants Books,https://vcdn.tikicdn.com/ts/seller/4b/54/1a/f385a79a716cb3505f152e7af8c769aa.png,https://tiki.vn/cua-hang/ants-books
